<?xml version="1.0" encoding="UTF-8"?>
<project-private xmlns="http://www.netbeans.org/ns/project-private/1">
    <editor-bookmarks xmlns="http://www.netbeans.org/ns/editor-bookmarks/2" lastBookmarkId="0"/>
    <open-files xmlns="http://www.netbeans.org/ns/projectui-open-files/2">
        <group>
            <file>file:/C:/Users/li162/OneDrive/Documents/NetBeansProjects/FinalProject_FoodWasteSaver-master/src/java/User/UserBuilder.java</file>
            <file>file:/C:/Users/li162/OneDrive/Documents/NetBeansProjects/FinalProject_FoodWasteSaver-master/src/java/database/DBConnection.java</file>
            <file>file:/C:/Users/li162/OneDrive/Documents/NetBeansProjects/FinalProject_FoodWasteSaver-master/src/java/Servlet/EditItemServlet.java</file>
            <file>file:/C:/Users/li162/OneDrive/Documents/NetBeansProjects/FinalProject_FoodWasteSaver-master/src/java/User/UserDAOImpl.java</file>
            <file>file:/C:/Users/li162/OneDrive/Documents/NetBeansProjects/FinalProject_FoodWasteSaver-master/src/java/User/UserDAO.java</file>
            <file>file:/C:/Users/li162/OneDrive/Documents/NetBeansProjects/FinalProject_FoodWasteSaver-master/src/java/database/FWRP.sql</file>
            <file>file:/C:/Users/li162/OneDrive/Documents/NetBeansProjects/FinalProject_FoodWasteSaver-master/web/login_1.jsp</file>
            <file>file:/C:/Users/li162/OneDrive/Documents/NetBeansProjects/FinalProject_FoodWasteSaver-master/src/java/Servlet/AddNewItemServlet.java</file>
            <file>file:/C:/Users/li162/OneDrive/Documents/NetBeansProjects/FinalProject_FoodWasteSaver-master/src/java/Servlet/RetailerServlet.java</file>
            <file>file:/C:/Users/li162/OneDrive/Documents/NetBeansProjects/FinalProject_FoodWasteSaver-master/src/java/Servlet/IndexServlet.java</file>
            <file>file:/C:/Users/li162/OneDrive/Documents/NetBeansProjects/FinalProject_FoodWasteSaver-master/src/java/Servlet/PurchaseItemServlet.java</file>
            <file>file:/C:/Users/li162/OneDrive/Documents/NetBeansProjects/FinalProject_FoodWasteSaver-master/web/index.jsp</file>
            <file>file:/C:/Users/li162/OneDrive/Documents/NetBeansProjects/FinalProject_FoodWasteSaver-master/src/java/User/User.java</file>
            <file>file:/C:/Users/li162/OneDrive/Documents/NetBeansProjects/FinalProject_FoodWasteSaver-master/src/java/Servlet/ConsumerServlet.java</file>
            <file>file:/C:/Users/li162/OneDrive/Documents/NetBeansProjects/FinalProject_FoodWasteSaver-master/web/register.jsp</file>
            <file>file:/C:/Users/li162/OneDrive/Documents/NetBeansProjects/FinalProject_FoodWasteSaver-master/src/java/Servlet/ClaimFoodServlet.java</file>
            <file>file:/C:/Users/li162/OneDrive/Documents/NetBeansProjects/FinalProject_FoodWasteSaver-master/web/login.jsp</file>
            <file>file:/C:/Users/li162/OneDrive/Documents/NetBeansProjects/FinalProject_FoodWasteSaver-master/src/java/Servlet/LoginServlet.java</file>
            <file>file:/C:/Users/li162/OneDrive/Documents/NetBeansProjects/FinalProject_FoodWasteSaver-master/src/java/Servlet/LogoutServlet.java</file>
            <file>file:/C:/Users/li162/OneDrive/Documents/NetBeansProjects/FinalProject_FoodWasteSaver-master/src/java/UserDAOExample.java</file>
            <file>file:/C:/Users/li162/OneDrive/Documents/NetBeansProjects/FinalProject_FoodWasteSaver-master/src/java/Servlet/RegisterServlet.java</file>
            <file>file:/C:/Users/li162/OneDrive/Documents/NetBeansProjects/FinalProject_FoodWasteSaver-master/src/java/Servlet/CharitableOrganizationServlet.java</file>
            <file>file:/C:/Users/li162/OneDrive/Documents/NetBeansProjects/FinalProject_FoodWasteSaver-master/src/java/User/UserType.java</file>
            <file>file:/C:/Users/li162/OneDrive/Documents/NetBeansProjects/FinalProject_FoodWasteSaver-master/web/WEB-INF/web.xml</file>
            <file>file:/C:/Users/li162/OneDrive/Documents/NetBeansProjects/FinalProject_FoodWasteSaver-master/src/java/DatabaseConnectionTest.java</file>
        </group>
    </open-files>
</project-private>
